{"cameraMode":{"drawMode":0,"name":"Shaded","section":"Shading Mode"},"sceneLighting":false,"audioPlay":false,"sceneViewState":{"m_AlwaysRefresh":false,"showFog":true,"showSkybox":false,"showFlares":true,"showImageEffects":true,"showParticleSystems":true,"showVisualEffectGraphs":true,"m_FxEnabled":true},"in2DMode":false,"pivot":{"x":-0.6778985261917114,"y":-0.45721471309661868,"z":0.7681150436401367},"rotation":{"x":-0.1185067743062973,"y":0.019953636452555658,"z":-0.002381255617365241,"w":-0.9927526712417603},"size":3.0695340633392336,"orthographic":false}